ESTATUS,MES,EQUIPO,ZONA,PROMOTOR,"ID CLIENTE",CLIENTE,"N° BACKLOG",BIEN,"LINEA DISPONIBLE","MONTO ORIGINAL","RI ORIGINAL",DIFERENCIA,BACKLOG,"RENTA INICIAL","BACKLOG ACTUAL","COLOCACIÓN REAL","RI REAL","MONTO CANCELADO","RI CANCELADA","TIPO DE OPERACIÓN","ETAPA INICIO MES",ETAPA,SOLICITUD,PROSPECTO,CREDITO,RECHAZADA,"SIN SOLICITUD","CON SOLICITUD","RI PROSPECTO","RI CREDITO","RI RECHAZADA","RI SIN SOLICITUD","RI CON SOLICITUD",TASA,COMISION,"DIF RESIDUALES","COLOCACION PIPELINE"
Comprometida,FEB-18,CAN,SUR,"Armando Calles Rodriguez",75368,"GRUPO AUTOMOTRIZ RIVIERA, S.A. DE C.V.",14349," ",900000.000000,600000.000000,0.000000,0,600000.000000,60000.000000,600000.000000,0.000000,0.000000,0.000000,0.000000,Original,Autorizada,Autorizada,NO,0.000000,0.000000,0.000000,600000.000000,0.000000,0.000000,0.000000,0.000000,60000.000000,0.000000,22.00,2.50,0.00,,,,,,
Comprometida,FEB-18,CAN,SUR,"Armando Calles Rodriguez",74821,"ADMINISTRADORA DE CONJUNTOS HOTELEROS, S.A. DE C.V.",14579,"EQUIPO ",7500000.000000,313893.190000,47083.980000,0,313893.190000,47083.980000,313893.190000,0.000000,0.000000,0.000000,0.000000,Adicional,Autorizada,Autorizada,NO,0.000000,0.000000,0.000000,313893.190000,0.000000,0.000000,0.000000,0.000000,47083.980000,0.000000,0.00,20.00,0.00,,,,
Comprometida,FEB-18,CAN,SUR,"Sandra Munguia Galvez",71898,"POLIMEROS Y AMIANTOS, S.A. DE C.V.",12342,"MAQUINARIA ",8000000.000000,10000000.000000,2000000.000000,0,10000000.000000,2600000.000000,10000000.000000,0.000000,0.000000,0.000000,0.000000,Adicional,Prospecto,Autorizada,NO,0.000000,0.000000,0.000000,10000000.000000,0.000000,0.000000,0.000000,0.000000,2600000.000000,0.000000,0.00,0.00,0.00,0.00,,,
Comprometida,FEB-18,CAN,SUR,"Sandra Munguia Galvez",38585,"ARENAS Y BLOQUES DEL CARIBE, S.A. DE C.V.",5000," ",42264276.790000,8000000.000000,800000.000000,0,8000000.000000,800000.000000,8000000.000000,0.000000,0.000000,0.000000,0.000000,Original,Autorizada,Autorizada,NO,0.000000,0.000000,0.000000,8000000.000000,0.000000,0.000000,0.000000,0.000000,800000.000000,0.000000,20.00,0.00,0.00,0.00,,,
,,,,,,,,,58664277,18913893,2847084,0,18913893,3507084,18913893,0,0,0,0,,,,,,,,
